"","goal_func","MPCmemory10","MPCmemory25","MPCsimple10","MPCsimple25"
"1",0,8756.81950252688,8756.81553880453,8756.82124500875,8756.81997167886
"2",0.45,6297.5927197305,6297.69019348856,6297.59567710026,6297.68109979588
"3",0.5,6024.87282889205,5645.99170184228,6024.81438873956,5505.85675639251
"4",0.55,5845.76521933763,5908.30637509824,5792.05653698545,5857.26956345867
"5",0.6,6167.66795129081,6170.52706297626,6186.54611103304,6208.74027406755
"6",0.65,6427.8601368903,6428.21702617274,6547.49247264649,6560.17069539667
"7",1,8236.35530547988,7397.06880490247,9005.54382471746,8309.04832377822
