"","goal_func","MPC10","MPC15","MPC20","MPC25"
"1",0.5,6024.83658717758,5084.06295489589,5083.86427179371,5158.53651729573
"2",1,7546.52893459052,7174.42748116162,6917.92686877617,6530.80958914689
