"","goal_func","OCT","OPT","MPC10","MPC25"
"1",0,4799.8755380797,5024.77444,4671.59170792525,4671.59003055551
"2",0.45,4415.57126924627,4460.369446,4052.52889389182,4052.55526603732
"3",0.5,4372.87079493145,4453.27152,3983.92516392069,4333.05726553153
"4",0.55,4330.17032061662,4374.701016,4617.91152558112,4621.90036520121
"5",0.6,4287.4698463018,4318.224272,4925.43838965019,4910.74228703917
"6",0.65,5668.03621776625,4265.826526,5234.82183830911,5199.58686549898
"7",0.75,6298.5361478213,NA,5828.46742062956,5777.10659219985
"8",1,7886.83653459291,3923.2008,7335.99290905115,6985.54535560937
